{
  "manifestId": "halos-nova-001",
  "createdUtc": "2025-10-21T00:00:00Z",
  "items": [
    {
      "id": "hello-gates",
      "title": "Prove nova validator works",
      "description": "Validate the sample using AJV via npm script.",
      "priority": 1,
      "state": "IN_PROGRESS",
      "stateCode": 3,
      "updatedUtc": "2025-10-21T00:00:10Z",
      "reason": "first run"
    },
    {
      "id": "operating-system-tech-style-negotiating",
      "title": "We have noticed operating system and tech style bias on both sides and we should negotiate OS, code preferences, when, why, and make compromises for each other, for the other's benefit, due to current limitations or strong understanding of something the other may be overlooking",
      "priority": 2,
      "state": "QUEUED",
      "stateCode": 2
    },
    {
      "id": "task-envelopes-are-lifecycle-model",
      "title": "We should be revisiting old iterations of Halos - past lifes really - Helix, Lumina Gates, PaLMs. There are things we want to consider, and known things not yet handled with current seeds and beyond.",
      "priority": 2,
      "state": "QUEUED",
      "stateCode": 2
    }
  ]
}